Feature,real,fake,MeanDecreaseAccuracy,MeanDecreaseGini
sourc,32.67392916112571,25.10939399314979,34.16525345052057,247.69587939190288
rumor,28.881074593461307,4.949725038863355,25.855970951372736,105.72681250791312
season,14.3639818705682,24.502987000931185,22.92346513820383,74.34472137863477
close,21.764596294768147,11.778047967618296,22.83484747097753,88.64541405663559
emphas,18.047744533845147,22.267948199078077,22.065265504841673,47.82307722854949
showcas,15.00333933303518,20.669561427050763,20.786291974357137,53.87511000011433
episod,12.308572256107086,17.715420522372927,18.153916399045197,42.3484951237788
report,18.63598682143249,2.9476001285212976,17.99750560151238,66.97218967066382
insid,18.466017368051737,7.390654587784199,17.09906550540102,48.39893422975735
mani,17.77310940575211,2.223290286958106,16.09812600095443,20.635955393773337
captiv,11.78311971861969,14.817954280214853,15.287792900318768,22.94829457721928
share,11.292378626068656,14.303216884009313,15.24909064604342,37.96009725755404
specul,17.846077914980683,-3.5237357657002866,15.101852690364195,27.671669664852168
express,10.26851966081125,13.264761231012152,14.600871131914683,22.74245390493296
said,14.626402724092548,-1.7816726825383673,14.57416702200764,19.93670207258544
e,8.139534103119466,13.993282433123628,14.541730265248418,17.04666048526373
kardashian,14.42609987873463,7.04528078820523,14.539471298562606,19.033942019297555
pitt,14.213616507358717,6.406694999804334,14.140608733041498,32.777971550380066
claim,14.892166855784042,-2.983118330969043,14.10557902911342,27.25873546813847
seri,9.113680495595716,13.92366913830548,14.09057535725897,32.573429065808156
brad,14.277098659159131,5.475162962799924,13.63949996922042,28.11177360485702
jennif,15.09239563768338,3.515005430940483,13.592633367991128,14.619195021146762
video,8.796140282303858,12.368365669790007,13.586061071884048,23.129708569534717
media,13.438163496698053,4.571861482353723,13.20657711234816,19.246465207143963
thursday,6.251454835519935,12.601898696064278,13.09746937201839,10.71817448930083
trump,9.25307560230163,11.714847756718523,13.08176653279499,11.263714209662558
exclus,15.900160584209733,3.741432465833219,13.043272440132222,13.784517211915432
monday,4.299169013258151,13.062347169976295,12.865160102300171,12.250999996871288
sunday,4.36493209791158,13.903702850016147,12.825796650748446,13.344054754790593
view,8.472806690991037,11.211125712766767,12.352736888822587,7.79269406903681
caitlyn,12.711729577086516,5.983464304398835,12.351519463112911,5.458882954469834
jenner,13.706548076863152,1.7961105111635884,12.263535706469549,12.28395480155684
tuesday,5.670669023562681,12.42307148464292,12.242590958132531,10.589624796155787
instagram,6.07650109825211,11.378995944927231,12.127848465356909,16.946414962113185
show,9.596173882231572,9.767230439132758,12.089419077584267,36.29560050457492
tabloid,12.983344115332992,-0.24421287417064488,12.022630711373653,14.449439336416964
return,2.9243541296647297,12.970870585124922,11.971708393152802,21.834697839251582
angelina,12.275323010119129,5.291838467224931,11.86086384256075,20.85330145654883
mark,3.2597859022586633,12.336580616974294,11.794586846405666,18.218660766503824
relationship,13.427441598167396,-3.916441456763468,11.732227413927305,24.068757441022797
justin,12.7418729986806,4.16577336223028,11.708191829774789,15.488337462190731
captur,5.296292110720226,12.157938664109208,11.663824391804944,13.252508600855064
addit,4.590935326619486,12.214773990268796,11.571703624220191,16.948665595047846
gwen,11.8243434556034,7.08324819165116,11.521328683007956,7.590432709523854
stefani,11.888277350893276,7.006148241820426,11.461064618973973,7.430387722799856
aniston,12.289203530814309,0.3572996452437531,11.455259985945172,13.38671856128946
joli,11.462012311519644,5.414352458319944,11.308968886050412,20.71778160558515
shelton,10.408424847507955,7.819215531904353,11.291525325623956,8.165801282347635
gossip,11.674337342029638,3.250090881367867,11.15328877923987,13.268497159775755
first,3.319493172370928,11.82218602309219,11.087559460656264,17.97725326544906
journey,6.071650357899208,11.261008668192169,10.93629465701186,16.885375899622343
signific,6.249208359514177,10.593631105654806,10.886338889109604,12.127547964294674
kim,9.613187049221164,3.3423993699056123,10.804652006520286,9.8613917704104
reflect,4.741328658279583,10.604704517410614,10.771177934697151,15.310698147818862
acknowledg,6.311263782721247,10.41290477506628,10.752204112151276,11.277633402095038
highlight,5.607076540606976,10.628637019852114,10.742020663881894,12.841678703056576
air,5.527353755520012,10.909181562586385,10.714598938753326,15.117221565276097
blake,8.94220397901425,7.103635437716583,10.640640822706825,6.676612651950826
serv,7.50018182123168,9.457862499975136,10.604799875114477,14.912920071199563
peopl,5.506623471669356,9.62906061959458,10.575066787804989,13.166174828422294
mention,5.7317406200259695,9.956823882124803,10.522826646701716,9.655046420463972
charact,6.229536670326817,9.58325776722613,10.487402320111835,14.409314399014525
provid,3.2733676766688427,11.537086277718396,10.42921974784991,14.141244633889418
selena,11.471992178115322,3.45012468314981,10.34193941046198,6.642255163579565
experi,6.317823855968662,10.356813495061736,10.258142226405484,17.591057856889382
fan,9.511109872691456,3.6725331637361576,10.237308394499191,17.461061866427528
premier,0.14020516370216174,11.644692989348808,10.198550563174988,8.226514329677618
wednesday,3.91098543040151,10.539384050632073,10.138566082798292,8.323996924935066
son,3.84307896110496,9.831188422354227,9.990925329428164,7.241677976832498
black,3.2369798833918755,10.09053703190082,9.97197835618188,10.762088917473315
split,11.750433322812617,-3.4850174157184273,9.942172554280663,11.946987452415144
shock,12.241140513647636,-1.0146989325102795,9.884813823037229,9.799651242847784
p.m,4.5797071499583195,9.894173899494207,9.881503996439498,8.717179134071522
dress,3.3589952936303806,10.061250338316446,9.812242585895694,9.584993249640322
fals,9.64582527357128,2.063437438260073,9.75808659194856,7.953700085341402
despit,11.42521878307139,-6.230784481257578,9.745537022590508,9.371347468876152
accord,10.361470857064807,2.3344471162789193,9.71855667532772,25.006946964461285
photo,4.705984300309064,8.68481073730335,9.66573694768965,10.493206798701436
friday,4.262494496948637,9.125643055970954,9.653504548518674,6.9602613389191434
initi,3.8064473426254977,9.020607230497385,9.60942765793812,8.094475802958923
featur,3.7587108037169745,9.827641577538738,9.4674689878276,15.191884941876678
seem,10.90047246332366,-2.99717915133572,9.44666595421142,11.980646983696264
origin,4.061200687983909,9.516890965040515,9.410106347523229,9.271114949171416
last,-2.661905993368636,12.58097447345687,9.39163162574211,12.15047944932295
bieber,10.225910555315252,3.229750112442259,9.37595454979096,8.307534205782572
alongsid,0.8576090359321479,10.20588937690824,9.373066429412148,8.621362458534735
saturday,3.6349182599925753,9.833309996769287,9.257378826373564,7.439804638250995
kany,9.467953554271547,0.6892376999793396,9.211152574296474,7.325461354529306
clear,10.27834294877254,-1.0620906233643994,9.206646994704334,7.9948154639679165
york,2.044641621425821,10.178109479702,9.164197934932892,7.574266890189227
cast,4.371906567621291,10.292948539991828,9.126597987924557,14.011333035010932
i.m,2.236350638488187,8.65692576565029,9.032400250757131,7.1157864210782575
individu,6.223629120584,8.459541662665513,8.975255764165874,7.80991987253399
relat,1.484960828205393,10.030738605996785,8.958441060063778,8.637013191517784
public,11.497598574065062,-6.993564732258827,8.803560735910631,9.020302614476378
moment,5.469104381806754,7.260024705981605,8.75143552411438,14.552475294666497
caption,4.8248482949874845,7.862656106930439,8.747933874663996,8.754592706469122
fake,9.186790678210688,1.1121072553361198,8.73149420993555,5.616185852390109
also,3.5024569839804895,9.155883162163128,8.707321110555347,18.31886376852342
previous,2.3013338261474385,8.469285405927907,8.541904129015228,9.03587683000072
news,12.164865051232018,-4.876140961022714,8.537509431932747,9.91663547361061
award,2.421836629248518,10.170307181848331,8.522897749203256,9.215009658044144
coupl,9.500513959535272,-2.111001566807001,8.484712764162717,17.91295673669296
she.,8.26287828400519,3.511034726389748,8.439227650684211,7.854529225233892
divorc,9.511665457539264,-3.0969237716185716,8.385696956914236,9.178691578973284
celebr,-0.6543205318218221,10.624899007448994,8.378531510786978,10.171489036815144
charg,6.324684657236808,6.558472356651851,8.374531733579222,5.0345979107270065
collect,1.9206953565558915,9.325236921380084,8.372307020450668,6.124556120518421
donald,7.332268225023841,5.550877747683271,8.34693763670515,5.800181023356279
join,-2.2942850315393235,10.00777911306627,8.34342454337818,9.290312560239393
issu,10.634156100068198,-5.344669924794021,8.268521071075687,6.48558677292684
polic,5.28044334416284,7.2482405823697436,8.251421834530115,5.69386637363841
tweet,6.3672566776301665,4.409358442948978,8.137694163663301,8.382359969565835
april,2.607468210639528,8.105001402031416,8.129988815463328,5.465998596261001
summer,-0.3640019129151279,10.753027741613709,8.116938473521877,5.8246857669453656
today,6.019979968704129,6.695602411769592,8.110780180326143,6.260816422195103
look,-2.4263393399167605,11.657177915458188,8.110219192481297,11.186874772763131
embrac,3.4334424656462654,7.79578962145216,8.108210174466969,5.979939978861866
say,7.661234803546178,0.809613329718361,8.097994791694203,10.29320660942641
best,0.242935352198888,9.61419614382658,8.078678211083666,8.512906038862933
festiv,3.410180934712806,7.925684394961386,8.076291539458676,3.669232037239989
octob,2.624468458896267,7.438436417652253,8.02031290700691,3.7542433480453186
state,5.72883895943139,6.913976474354503,7.983543670917697,12.489051902059153
social,6.648985070815588,3.671688347499734,7.968561285237517,8.708092474377594
novemb,3.243851686325336,7.973176761460785,7.924194571886332,4.475812024666713
abc,2.847963562029939,7.652705693731149,7.922560264206734,5.1329475249469
affleck,6.97338177041067,4.216777411562805,7.904100884511613,3.094719050710486
explor,0.7241155747409858,9.29652919459832,7.889939898559139,5.046662535252837
critic,8.065922302253284,1.823341045033129,7.886622863055392,7.90687921098336
watch,5.679786332849907,6.952402133266066,7.882201726240093,10.614214428118755
beauti,1.7060401621156562,8.510089935310116,7.836179023461659,8.162965596690588
night,1.8765361730433137,8.777063003851493,7.772706181836118,8.585992023268766
et,2.961909094444505,7.3458555715113025,7.760010917339567,5.973303293483917
kris,6.691648611282667,2.7848419563480737,7.636802113791512,4.516670969809751
told,6.041457475913676,3.262263640447587,7.634107717076633,8.131562287403833
appear,1.4196992676010391,8.480347124290518,7.62943644788075,11.830337570820356
meghan,6.991788495217256,2.7753899283053625,7.626301074437642,5.5025958626381595
other,8.674956402051142,-1.052211816810457,7.61757977097344,7.06949403313886
daughter,7.510451050658299,3.5148626889439996,7.606508271047723,8.00788908323365
don.t,3.562198931639026,5.952407057701466,7.581431187243636,4.69758810522325
describ,3.275832908559805,7.543319652075144,7.56361124588666,5.194507711184716
sexual,6.1602469836501745,5.040184221604567,7.551244632176031,5.873038067910591
present,-0.14685198303769964,9.115631740496688,7.550657193440796,4.57449669225426
interview,8.769959686810495,-0.4448856435245878,7.541610251730168,8.669960540249267
school,0.6340964823844688,7.597693132815607,7.488200031007424,3.7250440674918344
decemb,-0.950329480357492,9.620741319529838,7.473523915849677,5.965856283257825
new,7.348791702559655,2.109472096344089,7.458526746846077,12.886008383298355
offic,4.2424185764721845,6.283076939110308,7.427984263927925,4.831873731195159
releas,7.388269173910024,2.1302188425926567,7.405932981470221,5.78542579696053
secret,10.619869496570962,-3.2395523386264027,7.371281301145225,5.955993191377547
everi,1.671083849828828,8.208126099273423,7.351792528133539,5.35688706068783
you.r,0.9945201881818596,7.496571514814559,7.315444041143257,3.984205138018917
markl,6.502902279465859,2.9573719273592314,7.313752554783491,4.308144214605133
assault,5.67390485855067,5.171900799175035,7.251321103104718,3.7893378234089834
wear,2.320054245599022,7.566636489641356,7.211435627388405,5.7601187585104245
angel,0.8759122222610088,7.989436168181626,7.206822175788077,5.249095336691849
color,2.128203865942819,7.7222212459700925,7.1862297087590905,4.642747075790661
romanc,10.43647686361724,-2.9514916653855163,7.178735681388769,5.725303242450943
chang,7.922129650719003,0.9464965084245076,7.165258564479804,4.682636922483679
thank,2.8783762336961765,7.188982912466802,7.159940200873606,5.9429371869790675
mother,2.6865153891039073,6.730799128762309,7.151700074581143,7.370945512155274
makeup,4.0320342542342535,6.754735071436909,7.148042629345962,3.803570377797292
took,1.67544408803686,7.835070620860211,7.131934564398894,9.299589345095567
comment,9.004597981201792,-1.9894670765901097,7.114761653556973,8.077201053363508
includ,2.4698764666694824,7.257051821118048,7.08229719174603,8.713694949776825
park,4.199153351640281,6.197955747721115,7.081561226756273,3.0749487984019
california,0.22770001549695215,7.480483785763348,7.054004433830624,4.552178979867342
wrote,4.574762806075806,5.2965260574911905,7.017192504253727,5.7750770119653625
presid,4.066416707037228,5.307829692058489,7.009465070183161,5.596290366510332
product,2.041732965945694,7.208144749257242,6.992805185372743,4.404690226298913
game,-0.15513268878769776,6.937077256154963,6.990328294969313,4.964830059876468
it.,1.392154105359704,7.318167614583053,6.975226912453326,6.93093689828617
total,2.857643546817744,7.271432402493139,6.94404986498834,3.670573897026064
sign,7.78549427943289,0.5168943780880201,6.9387311195903365,4.2704943004599425
post,2.0497187368010854,7.225397903444627,6.920058362957924,9.225365693719649
gomez,8.619630544254465,1.7526403153906749,6.889877962287042,5.676366738651288
hair,1.2078549960196576,7.648367580049449,6.857243714254252,4.296873628851588
dead,3.5977075200141657,6.4590092497888465,6.85224137786231,3.2548543040595246
controversi,7.112533879033863,0.7401307451328824,6.8496308349559465,4.585014915086276
song,2.6185291853021337,6.392298845525328,6.847631610422145,5.451968877744665
inspir,0.5762313591653856,7.649488154688648,6.82048551308169,7.52989134297534
second,0.9351873386708072,8.031182000499891,6.812682393519994,6.237013030904829
citi,2.4508909277804727,6.6757352435215225,6.812065618448641,5.7091349761011
bella,4.45050505658344,5.212604705240277,6.809671470192921,3.0950686618621854
design,0.7210536420356974,8.39368164951846,6.808356384788565,6.031427437474645
kourtney,7.223130951748267,1.2471969828018472,6.801506034289592,4.577945904265469
juli,1.1329075869818137,6.84268674138148,6.763407786829266,4.794289990592803
alway,8.070514655618432,-2.46904743150179,6.730789195545331,6.286651764361837
red,0.914577981356028,8.230546960163654,6.699145779366279,6.67487598653764
portray,2.533729796802646,6.349459570076918,6.694340897037166,3.1822819871375385
within,2.7770301370181723,7.221730716089436,6.689240333455334,3.766688442892405
want,8.220672377019344,-2.180983798629054,6.6694577444938625,8.16741477619391
morn,0.09940670388850856,7.642134710328043,6.612001358903557,5.008401847382492
reveal,9.686345677850277,-5.175991272351572,6.61117881109375,9.235581211946023
tri,7.966286666143859,-2.5017118282234465,6.610050216023023,5.228019394969153
januari,1.5735016949604166,6.877266502491604,6.591814911160743,4.430723095923773
think,4.33700462390196,4.011021826947281,6.587108065192998,6.670406442375417
home,1.9894858314726411,6.444676321117422,6.578130965702962,7.16356737451298
remark,1.5883758097998686,6.816779115563753,6.521219385502993,4.959249225917269
marriag,8.489179284240928,-1.4966162615010166,6.511579451951851,5.750013225110865
like,0.11526348735732923,7.331952533265119,6.498132859491244,11.732750901845376
love,9.051651157283658,-3.24008691248587,6.494867860189842,10.024913274890448
univers,-0.920920184939695,7.509812745649996,6.494346299217494,2.7576770343431516
receiv,1.996505874625094,6.0560991017388774,6.487237663263679,5.638738180547658
light,0.927103139244258,6.671280066832407,6.452279878388653,5.578379721941879
harass,3.468838740977387,5.212421766557719,6.447214417378254,2.97230121256741
kill,4.304735300021696,4.995173737606749,6.445722697560888,3.3668466668241246
perform,4.183431110959635,6.542382204713401,6.428200414121357,7.912855261183599
recent,8.595442724656994,-3.526426008751873,6.416514944191767,8.427344447280047
one,2.9520236424189705,4.269106365367365,6.367375405302013,11.587369966993856
hollywood,7.90673057186206,1.5516282003330282,6.359343857054926,7.677953140071065
wore,2.0908216953360528,6.966896039854333,6.353926821676361,3.5590276247020687
us,0.9573688540546338,6.749695892029245,6.312366118389622,7.702920869828092
famili,8.344488587690687,-1.9839792959992009,6.310189567214985,9.052651778003936
weinstein,5.220411702370814,3.879553549533553,6.305510821032361,2.7385828952120437
friend,7.991583746526778,-1.8139482511292524,6.277636200377102,7.550306113220536
offer,2.5201378489396347,6.486411557653229,6.2707573190480845,6.21502492428738
court,4.331000439941269,4.743035010320499,6.260531346720857,3.5002562887106765
mom,1.9040640118722911,6.495430987559188,6.25763926266143,5.956391574358143
special,1.9798872688567903,6.469465926713142,6.254702048058659,5.792306193174592
audienc,2.8189350868529877,5.988215458479524,6.202374250075666,5.957986863375289
film,1.9095818968129388,6.596302895825088,6.177434450846492,7.925408076650367
day,0.2282530124921132,7.082290970275091,6.156125510656694,10.692426267540094
creat,2.588712098191124,6.105976469551385,6.133109892355258,6.021917577227865
septemb,3.2862337002466933,5.408540482621153,6.127025073569006,3.471472283969383
alleg,6.028228930564647,-1.9903334095818137,6.114317410350698,6.451067856142666
challeng,1.0797140600188464,7.054085873642001,6.103009320292261,5.473133166328127
five,-0.4484442393353202,7.069633720950421,6.099433170053003,3.438283548817042
wait,7.510637610696659,-0.3654745749028426,6.095216760007688,5.529903342502166
made,1.8120113798300328,5.960549745462974,6.073983133829762,8.467938222706161
bachelor,0.462257420639715,7.220699482193157,6.064876612854211,2.907612199129768
john,3.68350593590556,4.611195147404696,6.05210019661177,3.868782227373533
top,-0.00253039369087081,7.787441781134741,6.047102617563219,4.6482572883716315
car,-1.0833903644436365,7.7187808322025395,6.038199525470351,4.292141111273807
viewer,3.1459303584719382,6.331070248614951,6.030257372643684,7.135010965846111
visit,1.5033665200929816,6.233516947734241,6.027982708773577,3.9387218409883937
feud,7.317576460922884,-0.4929922236396313,6.018935102907577,3.6967830592313056
later,4.603438961420676,4.630255451783885,6.008154230459568,5.237236752407209
three,1.5116816800486526,6.2660646886406814,6.0034104925966965,5.3729775215235795
host,-0.13925746677030598,6.785712688546602,6.001934058641073,5.6888177641728195
now,3.7623368126550703,3.77238478177074,5.986979062215937,8.473625025480942
natur,1.6014126354826983,7.150336087961381,5.9583315678407764,4.120102392744006
hospit,3.260744193925226,5.464466115932299,5.9203738292198915,3.0192283964114046
los,3.8678113594109886,4.530334782813712,5.912525782844874,4.8171740208572205
pleas,1.553903706931089,6.058955979774556,5.9072438714566005,4.492107723081239
play,3.1872392088519415,5.414417047611304,5.902168299375573,10.718957749980872
polit,7.119308515399018,-0.904890558670566,5.892997426472467,3.3351566448980985
soon,8.161811274978891,-3.0079900429880984,5.8740807619724835,4.399141452077867
refer,1.290081521375532,6.863594757697482,5.873058753220016,3.281053680937759
god,1.884703962951663,5.671487213131222,5.871792272159155,2.5427926291066676
william,5.044932400832139,2.7918295292070914,5.871740967289487,4.109899735674565
princ,4.736986583513495,2.9389456284094835,5.870043001198088,4.882927710787965
seen,7.414500501665072,-2.978051304290532,5.853777807099376,6.232430585312869
call,4.234921779095661,3.116852736848341,5.839813863722926,6.759755817533882
khloe,5.289992681003202,2.6846140778844485,5.819106910797229,3.839268904179456
group,2.8755015150118366,5.256323123570022,5.8088582223232885,4.052043340810256
go,2.1857595900300004,4.546747223595,5.782755717904225,8.322642591254997
worri,7.38245999217876,-1.7550491737011853,5.775029714149447,2.8421512859910787
televis,-0.29849812064640424,7.291226910087706,5.773812151345599,4.88665371533616
voic,2.059144928292791,5.254658312392627,5.772598578997446,4.7914626328204974
feel,3.9461301495505903,3.1701232970518154,5.764917286876021,6.196176549887689
allow,0.7219830051319783,7.419841835168886,5.751698296200764,4.42104457216187
holm,6.266188111741213,2.4977263593659673,5.7452906593601,3.085101229044932
die,6.036303056850895,2.8593302354366386,5.736224774880859,4.048588384869609
march,1.8670531981122716,5.686974422261634,5.722477433671644,3.719682565081594
run,6.184058082384583,-0.01031049318526852,5.716794276100597,3.726984798738743
pose,2.3538878734513142,5.411033692596221,5.71138300996017,2.629185666726245
kelli,-0.08886449819747459,7.030144789941414,5.655341923907159,3.892616427951179
uniqu,3.174895023058505,5.048355221412343,5.652457629973822,3.198437657144386
execut,2.1032645479526795,5.8730239632030035,5.65023035335625,3.3435074606215984
michael,0.14391119753125797,6.994342627580622,5.64433828126643,3.4172156233819555
end,3.923849540570994,2.4308624252712057,5.643579350919773,5.460130002716858
i.v,0.9858854835917,6.205207526291302,5.617498282108582,3.3679312992110675
brought,0.834610651120987,5.94518944284082,5.6117926582911855,2.914479492869933
smile,1.279612816698927,5.510012088139654,5.593842425890184,2.752801365070249
person,3.2815473541403004,3.6481796490561234,5.5846308812498275,7.580901614513632
duchess,4.953390138714548,2.310842176044403,5.553224109081519,3.1544957194251584
follow,0.37781499644533656,7.164899892382863,5.52766436659894,10.36970070486222
de,2.424365403794055,5.313719078327506,5.51707022151615,2.316516514900223
kid,7.775605443434301,-1.315285320941226,5.510771687964693,5.090435860575957
ask,2.5510019646899704,5.136832149860341,5.506384137412455,6.203252697384127
women,2.0282921607012274,5.30640175248488,5.46447727696098,6.147278492324673
tell,7.511296126570219,-1.5735694794942912,5.461864596545971,6.959769283604534
year,-0.8775338402087873,7.161679509930055,5.458985301594405,12.502187779168734
sure,7.475076761208421,-3.3977648434244943,5.458818728010513,5.3813351556371956
respons,2.874892180186219,4.588807141057146,5.457940217608364,3.8705285721413487
abl,7.714642290842683,-1.1035734692481516,5.456401196647837,3.7963119506410377
hand,2.720499704015324,4.1469880551155205,5.446575901758311,3.776225051350747
anticip,2.4148653411479435,6.252651542687069,5.431865735214434,4.44066948754286
articl,4.802582921646701,3.825847695839341,5.426055432607398,4.236398842001731
noth,7.492791187614875,-2.6341994997436204,5.421383814015713,3.851918934824429
west,4.955821496275187,1.9384905332800468,5.413437706062372,5.311023638667637
royal,4.701658703114795,2.019609544949444,5.413045213103215,4.760829910646775
ex,8.51814187882642,-2.9306791069359575,5.390876136173809,3.369776714460329
that.,2.233981889400621,4.629989125004189,5.386318277084997,3.160490449838482
netflix,-0.7325037112490393,6.223320038629887,5.384923513415053,2.3458703585287637
pink,0.4642713735287952,6.151723275135995,5.383894291842682,2.727250354195714
togeth,5.411883979601843,-0.05297488394358153,5.381219887089351,8.693942003826038
ben,6.918123719960055,-0.4061792649212923,5.379494702000826,2.8708720560818093
becam,0.3910334966374775,6.026067893467131,5.377409818533741,3.0242503250334978
next.,8.09588755843805,-3.3286511243917913,5.365663756146719,5.393369469477711
get,-2.2381437079806754,9.105565780261758,5.3547107290047355,9.82573359218783
king,3.0778638091033432,4.489924519721306,5.352495535103993,2.55856295383262
sit,2.348716423733576,5.074969098067472,5.351643257038626,2.6478281441120157
still,8.850078298102158,-5.274976791538725,5.331542371109167,6.243088128181249
fact,6.411835197276946,-1.1888375223875265,5.33034906189589,3.463117171267453
robert,5.068692800446317,2.1233602354490646,5.318288515233999,4.168644107939065
honor,0.06041224350878269,5.783624324036076,5.3082576196619105,3.5262721498176126
august,1.9109120674087492,4.901516474718694,5.297812058750125,3.277788086870083
theroux,5.575393523685309,-1.388496557174421,5.276225873517999,2.970514225252637
singer,4.64349786067237,1.669737396420678,5.2447814513801605,5.744945515522512
he.,6.065785587697805,-0.4003951479330684,5.24094095995279,4.4388587960484305
million,3.1845401343109745,3.8738278949444984,5.240692074559114,5.109175054024434
week,4.056159220631037,2.5670238614929626,5.215684858198107,7.783539338847723
babi,3.957535149159843,2.5711658894300573,5.2119007410630624,6.140993869077493
kyli,6.883796198207462,-0.46928292585948056,5.176314492909482,4.833550352224889
job,4.465722772507678,2.340470359904575,5.1762779989336956,3.116285794864295
artist,2.5923032916225,4.3169120823064,5.175229256466535,4.693040988628322
gave,3.0675167064943207,4.532249673249067,5.170840233321752,3.160365878316918
sport,0.1890867809368799,6.060139276625368,5.147716820660576,3.418923759574488
s,-0.11603258019112536,6.1931883652090995,5.1025743454782955,3.3944027326633814
brother,-0.7179258463298205,5.86899133286832,5.088031317718284,3.2772734239918524
deni,7.695395401421144,-4.079208727739262,5.075132122932143,4.34209343636571
page,2.8246079208927526,4.42190586038286,5.063506532987519,4.357687244791495
see,5.546651439430139,0.3887411363914358,5.060287591739521,8.15129046906055
final,3.752226966655362,2.484411305921322,5.048258498926269,5.489206261091214
face,2.5057584583964028,4.613685511241346,5.043634751298796,6.735413439450019
true,5.955186424078516,-0.2712570736794592,5.041508204473874,4.631554504582579
memori,0.3648341151248066,5.9351582204754605,5.040047381581045,3.0873479296221946
victim,2.2666613346256645,4.819810958258327,5.025131236497345,3.339963670966794
current,0.3480742248415905,6.212954320323269,5.022763721991993,4.086956341513736
realli,2.237159611203937,4.4359642422696846,5.020412033957358,6.537567213321716
nicol,4.471586302591341,2.9115412643781293,5.0178041591370945,3.715173813974356
talent,2.9393117606809187,3.78672164066525,5.01345193006679,3.544333694906156
white,0.3544621519815613,5.655136494579588,5.00419576462858,5.01788344402409
kendal,4.659288235148116,1.9416062631651283,4.9786178579241,2.762950474137897
happen,5.4423298298003475,0.3804933505291776,4.9539402738859675,4.080704533794119
rose,0.02847779600476862,5.765636762926081,4.952789567726538,3.1472424640786594
pass,2.7251073572613445,4.1888392587506935,4.946843999643568,3.576174257776092
two,2.9845480520046284,2.612579658168686,4.931575385103069,7.679974138079771
winner,-0.2179999448389492,6.540336436880892,4.919879533693432,3.1230278271064904
high,2.178069348116483,4.0593147881874545,4.903261056543694,4.044551300248804
month,-2.00560343825375,6.893765306772458,4.894959578744333,6.388916178646084
place,1.6238012187747777,4.826649808132111,4.881832315179527,5.31093936728093
director,2.6054711229534404,4.183266847272705,4.879658851996392,3.1592551173975014
excit,3.0709402671830963,3.8575541048934,4.876123958334015,5.629308924229958
content,0.5907865492665968,5.720078020085387,4.873172156676939,4.646402994484817
mind,1.2210008596554822,5.358437518938494,4.868916083089388,2.3514035353344087
photograph,2.0802983344310557,4.6908926215920586,4.813459660521456,2.91226789194508
girl,0.5878044747489518,4.934903147654617,4.808824582700463,5.317858331851797
star,1.288112540345382,4.538182829048498,4.801141262393711,10.076846243652156
countri,5.869202461116042,-0.8164676329118797,4.790177344905238,5.058785586035736
name,1.1676699674143085,4.947802181652136,4.789934003156065,5.495120494096025
read,-1.8330948567519068,7.332685481349058,4.776377447288993,4.6292024830679175
carpet,1.8285316946604904,4.563280624567559,4.767769301056046,3.90787715684241
yet,5.4562283076265405,-1.3248566220907383,4.758511501182961,4.430116294233622
truth,5.781344441983614,-2.7926534252797928,4.757538340815411,3.985261893309215
realiti,1.949793895150438,4.565339491833433,4.753889930221793,5.242171644825968
skin,1.3920611042620503,4.985549107069814,4.7518916900473815,1.7909463313462517
grand,2.3684224664310265,4.3977217626145055,4.750154511304335,2.511703505098764
beach,2.4726953692498355,3.973961235854993,4.743545920205453,2.3294179929453978
question,7.395026616944313,-3.0665653808707507,4.733787397516245,4.911385283579095
drama,5.457632732773797,-2.1771545300061033,4.731406962101381,4.314404817957009
style,1.2792933500897123,4.765186454364754,4.731267452220082,4.451389105143642
histori,4.318302298172024,1.101672619517094,4.709100979580672,2.789641526591386
titl,1.4341224725907908,4.538132170302451,4.70632982548171,2.5750991053180097
real,-0.7577751334738589,6.257743993354445,4.700572726820327,4.995047855930966
sex,5.415104127554478,0.226363636987648,4.695392498216659,2.719500905067062
littl,0.33128243659879936,6.322962042730762,4.692768546939184,6.080076242002178
open,-0.05237942716006307,5.802993679760985,4.687661935301514,6.8127195619133385
inform,3.0328900310104783,3.604821544923456,4.686621757205424,3.4722493436759065
tonight,1.5203715501041082,4.9000273143103,4.675818346774388,2.4689400740339105
produc,0.7628374944157379,5.520046637591112,4.670191592177295,4.458157663533715
dark,0.7817056054810229,4.761710592864353,4.6546903742102845,2.318112800197507
art,-0.04546394898786924,5.61798129611131,4.6525060905678215,2.6013806632139085
act,6.807972988114748,-2.2992045586254433,4.646046608575011,4.297619972468028
georg,5.829759835023476,-0.07733286925705186,4.640601154782246,3.439656341896034
fashion,2.012719361085852,3.882856720641075,4.6384175148521,5.401253803880852
favorit,1.6130838797476603,4.57792267152439,4.637544508503954,3.918490924791082
incid,3.4410878425964575,3.0934382353291543,4.6291831915526735,3.6295942257430753
suit,1.2786518853850872,4.446700375756334,4.623889232898805,2.453316162180828
gone,5.749048621571127,-0.2005739489225337,4.62341582166995,2.0844800793925513
harvey,3.890659587829353,3.2771795944640214,4.605453648970889,2.627243782963799
file,3.2896118751096255,2.798804583409053,4.597402520380735,3.3344269212400985
costum,1.717455078014596,4.767285074509612,4.592724363990314,1.4582050474817072
might,3.6577532943845896,2.268746943455843,4.5894275310610455,3.5692766646294323
kati,6.276566698598166,1.058803204891741,4.587615709129991,4.17775058793101
move,5.254085850268039,-0.5880610237386934,4.561989454950345,4.824103890576533
februari,-0.7396277946417888,6.121450951691063,4.541243339467454,2.992439071095918
icon,2.064550483023565,3.814477649444426,4.5204769710867545,4.3863356658821555
live,2.4690576105855424,3.771037209378108,4.51578038995409,9.49234979870566
old,0.7276489004517424,5.17712708924131,4.487159000078623,3.6352403477717585
decis,5.479004975888186,-0.5762066925572291,4.480433085738965,4.250714894878142
offici,2.214608018302576,3.4038726276116393,4.469690730343404,4.346789298349608
base,2.6055739378783875,3.5300808318435313,4.462649397319273,2.6975707428558655
death,1.7947674760842165,4.4042751815869945,4.460651484714279,4.421161729630697
communiti,5.164519285333174,0.6272008602494668,4.458134445682762,2.6673814613133637
princess,2.3878110702908675,3.779051901268262,4.4580682773885405,2.2967222648567835
alreadi,4.67719162187471,-0.6556757254133829,4.4557638102067845,4.2510463956550115
choic,1.5151768465594888,4.462980127245395,4.452422615428955,3.7725309942406593
june,-1.3605262259377298,6.467540567658357,4.452186416267993,4.63366450874492
doesn.t,4.266305935723086,1.1284724604589815,4.445787632369352,2.7035479346472218
entir,4.82452338258207,1.3670379311114698,4.432432386497861,2.7458815049021146
accus,6.574401810257898,-2.319523541241933,4.431076453816581,4.886411346045728
femal,1.2909270206648495,4.465087302765329,4.427610900435613,2.2525986614892037
weeknd,5.210312431188501,0.45749624874447525,4.424774689931151,1.3044066522671562
hear,7.388046704430516,-3.1121898082821513,4.423766347837576,3.64218972001905
focus,5.6204560383126685,-2.6208573575606144,4.420743818330691,3.9798212195732066
howev,5.87193634996696,-3.04580994732932,4.407028165028279,6.830730607332563
thing,4.919423076924719,-0.1341009227081261,4.40540137921993,7.21927985853374
import,4.892826414570799,0.5416741418009621,4.405355345185393,4.618488651834084
part,4.666851719196389,1.8783289212017875,4.403302526180567,5.139831368236043
model,3.0778026352683296,2.7041032225564265,4.403239488575337,3.637946466426994
six,0.5224496200534509,5.095395156618064,4.402846604279761,3.1378314651806942
jen,4.405868365923374,1.3497776653962497,4.390945371872599,2.264712178380655
we.r,1.1184051394911774,5.0224991085520285,4.384518407772487,2.8562168070278697
tribut,0.2949505248531056,4.9026236132296646,4.37809857064915,2.7111862366471162
potenti,4.810030356452388,0.479394824466142,4.376991321574187,2.811186630386755
joy,0.29848498031661347,5.626091389223252,4.375676130896302,3.0827654224906382
statement,3.6635402390125313,2.179494748652663,4.373637378317776,5.293343826289382
kate,2.640821306512087,3.1685814737517415,4.368468768910909,4.49020627073852
pictur,1.9987938361717936,3.919063388505114,4.362891322540163,5.5062327099714645
deliv,2.3832446660206252,3.70043593347124,4.361803128899621,2.9580235575154075
though,5.6571911082058035,-0.7844852865779897,4.357556751416474,4.192351328385912
oh,-1.9629004108596504,5.750835453555952,4.350812745764821,2.560097607190142
men,1.6115908734305044,4.22110057042202,4.327988727514443,2.884490244147526
emot,2.682470122196066,2.783216995396238,4.325201701332136,4.222530284996448
brand,2.728403672643654,3.268320892492455,4.322563860997882,3.421922853398552
joke,0.897473239492032,5.221507318116214,4.317029520853282,4.066669171501857
hit,4.263185850448954,0.7384597057072779,4.310881597610021,4.884758972406434
christma,0.23295660383257316,5.4236815695192835,4.308503190226143,3.0261863489186736
ahead,0.890105516431526,5.091065456930645,4.290122651415209,2.443980504325284
singl,2.1208190145248897,2.9400096657696277,4.289980542869587,3.1767984204301567
line,3.035767242730648,2.8066302879762026,4.284024616843813,3.775718630094691
use,4.1930486197762,1.1977711654430625,4.265124880660468,6.060955841334362
everyth,5.1655973848427035,-0.3092860200625214,4.259177823186444,3.792677833828633
saw,3.0607588791145197,2.402346031408365,4.249484877092943,1.979612014719486
spend,6.734200943330993,-3.1411807283487065,4.248946934957426,3.1807817824366733
rob,5.074687241806841,0.31917254080443824,4.241033342342575,2.537630599778611
walk,3.965688856600132,1.8008903873654387,4.236480889897786,3.9715681567329177
happi,4.814509453120238,-1.030578756438435,4.230992185031732,6.1021183097300415
role,2.5963409206452,3.857627160339027,4.226467453952154,6.557580504158429
actress,4.662877896514306,0.3795966573862916,4.225961693419811,7.368586673669704
entertain,-0.247421224062235,5.26366994724148,4.219203574462758,4.17774978385854
various,2.6763525442285685,3.364155145054758,4.213174264526126,2.4288863037665975
dedic,0.7598504046011261,5.154953166393015,4.213131259319874,2.6534554041587355
garner,4.511197033500243,0.6588938222175157,4.208689585487861,2.2051121109236305
privat,5.54296629215149,-1.933458718380746,4.204689402216652,4.125964167634709
nomin,-1.387718675231668,6.402451800811681,4.20455568985928,2.926818653713532
father,2.686101247549985,2.9344118979484533,4.195843487977843,4.042328654292959
rule,3.464319575636529,2.8299580716297212,4.193994468838404,2.2545155574414393
didn.t,1.477879224795492,4.262212613290566,4.188604996273833,3.399589508406813
much,3.0488885957969374,2.3219736155437074,4.177821578029219,5.386654070081508
stone,3.500717679939961,2.615793688819481,4.167635197349134,2.9439791027526203
spoke,4.039194372946492,1.723287333203643,4.16186269746349,2.8982002332288044
wit,0.726977886475019,4.741168767483686,4.157184303070354,2.864355714353318
wife,1.622864462612907,3.9130626820658394,4.1523552016643395,4.571677987511355
kiss,3.5124818811960328,1.8740257678779224,4.1448992298956595,3.5747881845917995
outfit,-0.23207548554181137,5.577523492581077,4.139907735597608,3.6848913389247095
welcom,3.306129896226767,2.1121936310793425,4.1355752549442455,3.480710917287081
note,1.054162915380206,4.087733592538456,4.135414800929264,3.796138283829857
good,1.2561953989495271,4.284980433302054,4.135008383027326,6.141000254193573
sens,4.056021335589334,1.3882833811835695,4.132339403087326,2.272916720115263
david,1.6374244236027675,3.967120114619129,4.1303215120364,2.931141368084657
perfect,-0.4728895474252643,5.774748220129612,4.11695100473673,3.740662940877426
jame,-0.3674262138526169,5.772621321079777,4.1114704241025235,3.349461703577151
hous,-0.0203266694572388,4.9508505301026355,4.106695149466743,4.256825693735243
via,1.6605584116005003,4.139338471357591,4.106217900423227,3.281002964533219
back,0.7572868314783322,4.491062532738522,4.098538925440179,7.551480512765392
earn,0.7542922453595444,4.116732679609424,4.098035241448522,1.9782391186609551
just,2.5946199490408492,2.2622353010094423,4.094034939127461,10.02025999613234
debut,-0.3153412164154567,5.004016594850335,4.093786207142857,3.9353523443609015
ago,1.7800031902255766,3.5017661735858,4.091213909903636,3.4884522929246047
pic,1.784462143071748,3.325585386900884,4.089662034782415,2.4237779814337532
crazi,2.256234004405416,3.3228541368787017,4.086031256072806,2.094551820298319
abus,3.732963916989544,2.376158770823067,4.08464232049982,2.851812077721187
kevin,1.4461826322728617,4.256529491849871,4.083671664640572,2.5187010278320328
room,0.9107176434532062,4.445638114300862,4.079719142288353,3.119537864754951
leav,0.24824871107734664,4.789174866704039,4.076670515715591,4.541624483785907
husband,3.485703797558226,1.649488156805195,4.073706665898028,4.664765499153288
movi,2.687119673381446,3.0278318647804183,4.0730711960923385,5.624734556794386
write,3.545449042477447,1.8769847220669351,4.0581624807863195,3.3874628332275045
ring,3.1032222880828955,2.7892960079754,4.051549913200225,3.5864440345843045
publish,3.482150981326171,1.577992144400768,4.047101031768835,2.7584319579817427
fit,0.8612195569282373,5.254093904474073,4.046408843360645,3.047542822314816
young,4.574300227305532,-0.1428121002368909,4.030244647703941,3.616975346328573
full,1.0964744708200316,4.168230868495971,4.03009513950102,3.5870295492911004
late,-0.7817826727319942,6.241159993966074,4.006248642782803,4.402677420953385
appar,4.665561651612893,1.3276274532566286,4.001051283625194,2.507739008195686
engag,0.5327975805539863,4.463922571295926,3.997447915432383,5.1297542095849655
born,0.9212407335237508,4.5180174126946175,3.987604241302809,2.7471296259666165
imag,0.9227677703373456,4.343857354358465,3.9838823515147896,4.269458689267244
rest,4.760450977220588,-0.04374770324539136,3.977036779617592,2.884553520872767
scott,3.3607042614899085,2.512858545390027,3.9659148509425792,3.2533567020873284
boyfriend,5.870783855202319,-0.9606695374041944,3.9659028627219257,4.3912887851728275
talk,6.244768863153547,-3.004852651975942,3.9626187818645424,6.348142281004588
wasn.t,2.973969102094943,2.210715427407047,3.947457880900805,2.4083079440276105
although,0.6276227972201974,4.314138699276031,3.946909011740456,3.695853767611357
yes,0.385690541671967,4.337982587877999,3.945430812709784,2.3345479398676305
tristan,4.7203742335241285,0.6892817235800032,3.933035524000641,2.234900961039494
probabl,0.5418811568473915,4.3865671753242035,3.9228940586441055,2.0793520410557105
hope,6.258519745608141,-3.360620450350694,3.921968597464468,4.754892243351552
jessica,3.525298925911337,2.325695167463647,3.9172739005320025,2.8751323798071846
opportun,-1.0319978723239172,6.391987951856786,3.902491203948905,3.0472151219224664
upon,0.7840784459565026,4.801703985112615,3.891962207756752,2.4846996568229556
servic,1.9073340869005824,3.524721194109959,3.8870704469248474,3.0110887837315876
incred,1.7926131755025267,3.20781542291511,3.885360568495758,3.565795764825877
comedi,-0.9345456407121854,4.788023973942177,3.8822359885745943,2.6934147711047727
concern,4.536237838915573,-0.9561649433501264,3.8807556693760064,2.9182152705159887
pregnant,6.064357228309269,-1.7579953509804758,3.8803118696065697,3.98406348804078
situat,3.5912801205890243,1.5145171142847031,3.873746381680359,2.6776370639028553
onlin,3.896797076263899,0.7418843054186286,3.862733690018586,3.2175334471532673
album,2.249083649795239,2.9675611592539055,3.8619773963120663,3.715105165684491
take,5.108588309829259,-1.2185449934700578,3.8459977056214583,7.490585912822108
success,4.005598891952765,-0.0216028569910945,3.844042402630635,4.064162463578861
work,3.8729328518183967,0.5307650064963721,3.8430059743038423,7.568907679279492
worth,1.7902735811206203,3.1427168330379693,3.829377659293669,3.2035692364106754
swift,4.747888741087281,-0.03906594260182323,3.8283988314077178,3.483498466167018
hour,3.0151479361503317,2.287329236804561,3.817963244296135,3.46422953033449
along,-1.0874043778088551,4.992464056235309,3.8163171376540346,4.065082001512324
miley,3.818901835073697,1.8541235809507768,3.8016623920151975,2.255305240472637
there.,3.943951229725845,0.08525259595746046,3.79937733109312,2.5816199602573904
life,4.5603520138734694,-0.9677150753428552,3.795693173046704,7.488481284999862
industri,2.4727486436980413,2.3786308253597506,3.793624157835456,4.481305565134767
lost,3.458520115571861,1.8375087630451683,3.7873100820328025,2.7720132563328814
travel,4.970141655537056,-0.4064125906740287,3.781730297433565,2.582396692231142
scene,0.19585281560907736,4.8906778223105505,3.7817144036346138,3.714331715477847
support,3.975952084882531,0.7274447865398088,3.779947149166533,6.391036928178202
network,0.9333873069749596,4.026874443766117,3.779724195793836,2.262104988266446
well,1.2217033076598485,3.9102482066520095,3.7741974266073206,6.086004132135015
bring,-0.35083817480054585,5.379996282755568,3.773007889467334,4.87694522285785
know,1.5538284089579295,3.2844553160896135,3.763314662782852,6.9998531394833385
pain,1.618508482837164,3.668544175052267,3.759960983861841,2.168083202554375
member,1.619174061706084,3.5690726495916314,3.734518073002308,4.009059799103301
parent,2.4395574069632566,2.228582857555588,3.7340794133575184,3.6482343158485047
quick,5.1608709946905735,-3.128699340967113,3.727695121975888,3.689558894711483
reach,2.1381442670103152,3.0272146489592773,3.7147844542770296,2.783391365544912
address,1.874724763813295,3.0182974496151664,3.712102010159964,4.473164574263318
latest,6.964822892197495,-3.6527790894805543,3.70511978151976,5.205138314705902
disappoint,4.917701239017899,-0.41062279603059665,3.699558299921439,3.3097705180679475
convers,2.2144572403003098,3.1870074234399324,3.69673034957358,2.4722022320937413
remind,2.4527097947250516,2.673813533486945,3.688425470843607,2.479690027256269
realiz,2.189486498531847,2.521597083948967,3.6839987193627857,2.2313838955112435
result,2.2155038100909774,2.8270475616714754,3.6685470057266585,3.050250218598165
anyon,3.952008519855308,0.5242343476040496,3.666900854885301,2.4053234586910506
investig,3.7197402421978496,1.5780550293039288,3.663277168713818,2.4058752904220504
definit,4.399151840963683,0.07918663840396449,3.6550570161943696,2.710528042406791
put,1.584042792521995,2.8748705204310387,3.654371861013581,4.0866033048463315
set,5.090009510909207,-1.02515918036877,3.652720651324079,5.809867497164668
center,0.01723798571486278,5.008591136069553,3.6516089991376695,2.1951805898241674
sister,3.1210858312499714,1.667663620146829,3.6510977095012103,4.226440226017692
nation,3.1760753737597707,2.0667391414182537,3.65089290181804,3.508835248887211
whole,0.6602654491022028,4.119477033088042,3.649928435398573,3.0654364715378444
far,5.607652940562089,-2.562955164402374,3.643874613149561,2.9892206490438733
headlin,3.690883476009696,0.8817281529793376,3.638898103619248,2.8509724870790634
way,2.514949767683453,1.7183553485492242,3.63131876340972,6.289067965003147
clooney,3.5627440551740936,1.8369324394432576,3.6175897002389017,1.3048187195541012
fame,2.5386510693316136,2.1615282795840027,3.6171337332333353,2.5460636724183474
compani,-0.6433604197256784,5.352677984396387,3.6114152826112194,3.0941378696854698
they.r,1.4240449343788837,3.0171187105365975,3.5945050343096985,1.9203597488922637
magazin,5.026032395046065,-0.8354788290029356,3.59046522324342,4.02860858017408
cheat,5.699877716847407,-2.797717806772417,3.589319882438984,2.877037774822538
admit,2.9218779526159517,1.7050199254678415,3.5841893128986597,3.539889229113537
came,4.422169035849337,-0.08563092023235619,3.574042384166579,3.624187543031147
hard,3.1229006458980897,0.6514444544031301,3.5689409252627797,2.957695769800885
sinc,3.150076966027767,0.5073390303163038,3.5688755812019215,5.585298648193218
reason,3.5970723204920394,0.8889413633595823,3.558388832677359,3.614057637499104
confirm,4.583664312009858,-0.7391853197922812,3.546722271060053,5.86852108379163
bit,0.9241830975815076,3.823355426582812,3.5422009775682786,2.66772524854549
felt,1.3461655246594593,3.4442613417892383,3.5399788371991057,3.0107533331920613
cultur,-2.804993331367018,5.133041730847465,3.5369254966333736,2.396038412074751
deal,2.5507496201736486,2.014504609502471,3.535341555107442,3.0929533826741604
tv,-0.4152009319013799,5.844366902545009,3.5308787550138576,5.719603955687162
even,3.2264462112209524,0.48129187178182514,3.5301051744587455,6.589105622159833
check,2.356278980977057,3.004574621781668,3.528801957532493,3.041837195711797
front,1.8526537348976009,3.1783698902825974,3.5284013761917805,2.628400182227894
prepar,3.396732912663301,1.4277390720575915,3.5252185647676795,2.1427530678426554
site,3.7302113557286343,1.187555705587431,3.522051289837734,2.9212736117962357
mayb,5.221792493747975,-1.1964288362798303,3.5204355228325945,2.123821130980416
evid,2.1112692027138595,2.667406800999767,3.509102720138757,1.8881753579124607
studio,-0.10268545253911524,4.389994283159911,3.493261981432795,2.5447766188159004
london,2.0355564389488783,2.9216030666970614,3.4924585155520815,2.512669442192151
activ,2.403589343335916,2.309037538341758,3.4913410732763457,2.2384419021199027
tour,1.7814960649934273,2.8359527704300778,3.4891940462101356,3.1299919056498253
head,2.8188232366398434,1.5489278133794724,3.4859907764164686,3.686183602518776
actor,1.782477867434125,2.9508997370951104,3.477292310174032,6.8568365832187554
taylor,5.977628157014383,-1.5240161074515808,3.4761820387220075,4.237207522553871
prais,4.509435033901603,-0.5087227822593945,3.4745868618908338,3.70226849724695
can,-0.5016368513851529,5.379362869436894,3.4698668886143715,8.938922871944243
continu,2.7291207862539255,1.0041876595502242,3.451191144279962,6.796539510276362
explain,2.7421803759428136,1.7748887612571609,3.433027932810935,4.300475644832552
brown,2.994890460969653,2.1659003376163857,3.431480774410157,2.2333947064240274
stay,5.25846633754504,-1.3619320499730856,3.423481044677441,4.520612879411981
gala,2.4014551079611115,2.412105038331985,3.418138704039884,2.485229939746158
someth,1.2670526895567438,2.9699764586679422,3.410334824650753,4.107216443556564
middleton,3.267208103892341,1.141466610894201,3.407825213900944,3.0206854935791494
arriv,1.7681325557898304,3.211722204929258,3.4067218991781236,3.692199903246497
jami,4.050562834683119,0.7261477836041529,3.401778242163668,1.9243274627360163
case,1.8679703796271685,3.1723626134327865,3.4014858632968212,2.6068499484938275
list,-1.1588704574073183,4.6381057255943725,3.397479064706506,4.004476936158598
away,6.011627106778748,-1.9083143223769807,3.3949052278185974,3.8662076526319624
world,3.0343405216663606,0.8575903041647663,3.384764277839353,6.736773548070329
ad,-0.8400632054033151,4.889850507405239,3.3691485306837508,5.851684148964194
hurt,5.02411171950342,-0.7650827206564724,3.367930393051075,2.127582254743201
began,2.4589955446209415,2.390322231257366,3.3668475270588445,2.987543596810826
trailer,0.8660111979348846,3.5780384852623306,3.363462521290778,1.9033930166864903
stage,1.9865574896443856,2.3228438040340404,3.3618362918735034,3.633116346733007
gown,-1.004389798553187,5.075585014296291,3.360684798225918,2.2603073365590123
least,3.660213050722811,0.35521167243925933,3.3592578826280515,2.587597146962897
event,-2.272173309064629,6.09373856785152,3.358261997591673,5.28078662832998
long,2.6514784140979777,1.5966208942685696,3.3470779189987607,3.548420898128195
ceremoni,1.645406829199411,2.876767119475838,3.3456243003274935,3.0522805027496496
throughout,1.6778070856885847,2.8670452306062826,3.344757299064766,2.8756108345252183
remain,5.326996099110643,-3.1892632167005597,3.3438337287283892,4.611268026921431
process,-0.7013081169651096,4.887112630020406,3.3423576748901156,2.2956427133584083
speak,3.455913995517426,0.7419047330681459,3.339126856235924,3.1978724357026396
harri,4.707500750008191,-0.28813021765957597,3.338589564144843,4.800665425651259
grammi,1.430348975703536,3.267190236613285,3.3219593657587163,1.658051028786355
rihanna,5.446774697995987,-1.1625546278556462,3.317466940474066,2.3892207704757484
come,-1.153628704368198,5.430235315999964,3.308764942560842,6.83308173996505
learn,3.6470868217711714,0.39574377169931674,3.3082017722605492,3.1310125222613605
birth,2.4842856428492253,1.2906395425024482,3.283159903292994,3.6840938482334966
tie,1.304864225671545,3.282742724638382,3.2819207207947803,2.488965881151212
stori,2.002910223851262,2.0167771440803133,3.2547123635842605,6.728354542741091
attend,0.27148517196247174,3.8629675021872054,3.248770256894185,3.8727525404242353
anoth,0.5202881005006121,3.769257313861467,3.2485461354994123,5.618978143582729
eager,0.43679045348652,3.790548136700469,3.248521776194384,3.2984698200616913
problem,4.718669733600934,-1.258216862034349,3.247148873212818,2.012858806780981
chanc,3.2046797748810425,0.9059491883092088,3.2447084562434565,2.385024478260709
care,3.388296376683053,0.3651522501408261,3.242450160026684,2.9771211969398372
laugh,5.829240139718972,-1.4707058318828712,3.2402262654725935,2.7310548796106806
start,5.4755920110063165,-1.949736347160897,3.229539405184062,5.554135539425223
british,1.770625168664401,2.801387582586611,3.2271296116110855,2.5323235735908463
custodi,3.671975337017837,0.33715359822334295,3.2259213039221035,1.398353676760931
joe,4.149624264167392,0.46970522203733367,3.225526527794481,2.089759673526088
rock,1.89206675118333,2.557900928401223,3.221471806203795,2.8791569448311876
queen,1.2242694881717855,3.117964089196344,3.2174403588240525,3.369818470683286
announc,0.09986974558136431,4.246406463552651,3.205420456655329,5.859705633087212
match,-0.9720848912446052,5.1222787710953765,3.192326814805876,2.848384381964152
outsid,0.2969629539957502,3.95329042762244,3.1922879810541875,2.1994384160961298
can.t,1.0185458804517684,3.0172809444044293,3.1844256072923245,2.63419001227895
connect,2.928291921951767,1.343993809083156,3.1813780505503355,2.7425643417302137
super,1.130884418054483,3.167889465307723,3.180809004548382,2.05279707920609
lot,2.6124230037607297,1.080168286094524,3.168883738885804,4.1387455193860285
spot,3.2995349745439237,1.2519025798453107,3.1666896299780234,4.733437279106891
similar,2.7594764969914176,1.8455670076928077,3.141459317339885,2.130236277074518
short,-0.23597524409440737,4.2818675231625045,3.1342023843828204,3.772600493348567
credit,1.079865591809859,3.251113658349667,3.1341769288871815,2.362527965673893
instead,1.135851105568528,2.8916394962708742,3.1305706000537734,2.616556007391209
former,4.128225825291487,-0.5834265084331235,3.1282811222072584,5.253470599555324
manag,0.3333018876676537,3.6871436706317096,3.1243418428835437,3.455534146660396
right,2.9875106293198233,0.6129257405284221,3.1230030415115357,5.56261050907498
never,0.8788170203977974,2.960643545171193,3.1200342624380593,5.4327591219411975
america,2.563822602769283,1.7524711378420277,3.1174208592724555,2.860425954972599
begin,2.1245789493627507,1.7265390013276107,3.112063367460964,2.6392716342702154
shot,0.9390573827859297,3.4180127959847253,3.1049717854804486,2.2190990161831348
tear,0.4406844026013416,3.3411027843573726,3.103037928745131,2.2010617831681314
cours,4.832717254865231,-1.002749798734332,3.1029611012010565,2.783380527597669
make,2.132126433042574,1.321767647536956,3.0907626409748192,8.10154738727834
music,0.9206296225905874,3.497385594785641,3.0690816384846196,6.454635148412618
surgeri,3.6620088814950247,0.6216649240255654,3.068523329690094,2.3527058506066214
earli,3.037403152610972,0.6966917250369806,3.0659833544867867,3.167084315857979
bodi,0.495049535607576,3.8472951062203182,3.059835454379287,3.4707224886752908
idea,2.5642962966070777,1.0903003767143908,3.056056097067045,2.604843953925816
co.star,1.8350181463331956,2.664836100380336,3.0437437184582685,2.4378202045144035
differ,2.463635469162185,1.3582800658386662,3.041755766283482,4.053840128791479
keep,1.4161267902074568,2.4295844095836,3.0302294061637864,6.47476094705572
legal,3.082796279584902,0.5308710166851834,3.0274308348786505,2.8997436822624034
advertis,-0.630002190732995,4.668957767889573,3.0256310719052,2.7521566620617084
repres,1.8114316486443385,2.3349895582465936,3.0108882398168113,2.688223340810246
big,-0.8041807211723575,4.078325168210008,3.001945374594735,5.34428871993955
marri,4.229892265642236,-0.8454258493161851,2.997651635511962,4.70735356199208
find,4.551617800263303,-0.9750704705860684,2.99344404551684,5.10398171584928
separ,3.851312291531123,0.016204783473290348,2.9919930563092456,2.8665445296638636
kept,4.68800549693854,-0.8289220593933949,2.9873750322795063,2.162945342439726
third,2.2450488251420406,1.9683700727925264,2.9766827897717927,3.288140454390834
everyon,1.7773916860714372,2.147076626666742,2.9749394250532566,3.788742437160808
career,4.8942925462188756,-2.3943510980529505,2.9672536374299603,4.24478712855315
account,0.323484673124794,3.407362799786218,2.965896261021539,3.1577425106668717
chyna,4.8135677919964595,-0.8516353551970194,2.9579971610996885,1.6304910232020706
stand,2.070923290949503,2.084077097078965,2.939627855861847,2.901139569675839
pair,3.231502975094956,0.4852856605997295,2.9363088785116624,4.076947482187508
wed,2.0858555840800577,1.604765895781389,2.930656986288647,5.674244298041513
miss,0.9066129798528292,2.7391200334922248,2.9292910913333756,3.5895616414663
guy,1.3316420139488518,2.610338621135529,2.9223941809838347,2.9240475600562346
sweet,4.3712059431543855,-0.6474206768011916,2.9186850451865785,2.7983738385008037
schedul,2.4364600892879107,1.2427591294487474,2.916481205420248,2.12822923075508
sound,1.055737045295063,2.5386452857544883,2.9155199023907534,1.909870429300464
els,3.3745268531059525,-0.2522421684875214,2.909565450692458,2.174351289952154
promis,-0.2528750270825332,3.918145764791612,2.9012825544913445,2.118842556814371
readi,2.045381933909358,1.5037711784076435,2.8748597090269676,2.863736146281094
hotel,1.5377216781935417,2.4875941943117144,2.870046599759821,1.7769514340321957
matter,5.7014468620024505,-3.565109775355755,2.8510132078253587,3.0822971095456766
concert,2.542998326315113,1.3065274970208274,2.848183683158028,2.575832981421588
pretti,-0.5662348339970402,4.002893107122031,2.843092969313818,2.557058844834412
romant,3.3376254763845528,-0.2560221202007973,2.840469529362938,3.0197854341608568
may,1.938113558428473,1.653501773750098,2.839051325421,7.362985912675802
plan,3.7243944437765486,-0.6906506496594511,2.8382423763473588,4.334243875300207
pop,3.0674583079528266,0.4132329984708147,2.8314945319207614,3.548401144823869
fun,-0.3288148487211527,3.970971191974536,2.823228242312252,3.5429791298381472
secur,0.9560738661274736,3.0654018681034083,2.8147969044160184,2.0538901138263372
classic,0.04011723433026772,3.802711303887072,2.813725843875314,2.339405295142599
messag,1.3696465211149624,2.6830119753033097,2.8095896636736377,3.867986581467205
need,2.410860099658263,1.008090802158187,2.809285163591627,4.983122013952353
cover,-2.088751022404683,4.897985467143451,2.803913936617005,3.486179361437188
collabor,1.7508325020847002,1.98219992119585,2.8026992970749567,2.5331005744228254
involv,1.139215588061253,2.2962611342308343,2.8025447578566416,4.465934030879921
ever,2.3854319270732764,1.227259778593855,2.802442437440125,4.763883367463414
child,2.9698260386332036,0.8165293374477791,2.798594015640848,4.694226846863958
direct,2.594347543963987,1.434880638394545,2.7896343669834,3.5874704197128913
small,1.43897072415377,2.4305865093074823,2.7882487785273886,1.808800706142179
age,0.8654761646452752,2.829158503562277,2.778995484588606,3.6711865541714976
term,2.217214018038639,1.535102252505741,2.7773243824077523,1.593913770906748
thought,0.7945920581791895,2.7520518657648325,2.776592156018079,3.8210991656737336
proud,0.9074733497581908,2.82851711848425,2.774713037834755,2.3030082201732274
trip,1.0901482108254508,2.393335407133563,2.769631343532478,2.9132167605515047
twitter,-0.0638500704963044,3.494168532913096,2.7551151718997224,5.743192880753139
date,2.7409775575964632,0.20050369101883608,2.752061031484774,7.659048484796889
team,1.226179855796393,2.428460826203493,2.7492926964496376,3.8611420125111406
determin,1.7019333235839285,1.907741813229941,2.7416861604885416,1.8058765588365695
hot,3.3683291957527675,0.3079480934185141,2.738996337228063,2.2401712835863092
surpris,0.2222697860865204,3.244440633569498,2.736762990605357,5.162259951955755
touch,1.8007534983348108,1.7447963792848546,2.731016785468952,2.866961169292279
point,4.445085961548782,-1.6236554599155264,2.7301893340577204,3.5186834845163064
earlier,-0.5000598859837572,3.840357353275257,2.729431502218672,3.563413173922601
across,2.0996446807308184,1.5412763406012144,2.7247311700929058,2.1665843697756553
ryan,2.2357151589969813,1.5293832955215587,2.7200310475460836,2.9215852559893825
send,0.6638600670442675,3.6702702979922934,2.7178461698255245,2.52761656299423
exact,0.18779398153307775,3.3829842283177878,2.7035118172863317,2.3407325290023535
save,-1.677266207350909,4.457893459658618,2.692936561073211,2.080663346724433
kind,2.2028742869406948,1.3010661467810916,2.6824996487389083,3.7324623896294287
actual,0.2739034606084569,3.470405273639117,2.662178334075709,3.830656118083561
fair,2.8822255169387314,0.5815828310055658,2.661175320828774,2.228300558621299
give,1.9114039456545089,1.3220320077930243,2.661167236224198,4.787088559638901
famous,2.898521336660087,0.3727492635692892,2.6600375989239953,4.605430935503329
decad,1.8552055107767187,1.9860611987454613,2.654269092663485,1.9390211901568788
behavior,3.707255542679664,-1.3857061127538817,2.6531805045273398,2.321239165271169
birthday,-1.2099948334300072,4.578515670693988,2.6486276316003288,4.283293452990384
daili,-0.6635241703950931,3.9914478546209047,2.6413303742851686,2.9369928593067924
respond,3.146107771827135,-0.01744375223862528,2.631450633508487,3.953293066036935
perri,2.9753758868314004,0.5026883379201521,2.6262349179814857,2.142546231679837
confid,-0.1628996115301724,3.724537050748587,2.6246575179478624,1.9232336284223637
alex,2.718398967491466,0.9354932978578142,2.622168721006397,2.260266228597314
respect,3.6787098232299287,-1.1912467657505208,2.6212124970003745,3.0553617888783022
invit,1.714680575399582,1.816936996100557,2.617085599830768,2.06243977743781
serious,3.756728371783145,-0.9064332594308316,2.6131171289345536,2.9200283503756785
caught,4.635087834824222,-1.7018474723510713,2.603631767018696,2.1915357475683286
rather,1.5441313613668133,2.2659604900556434,2.600603136558236,1.925581780291137
apart,3.4174276367556287,-0.3790766675022969,2.598504278076571,2.0225919012383096
easi,0.6530112335762025,3.013007521131487,2.5829832651568556,1.8092475056315132
isn.t,2.213059268285383,1.2595228084323378,2.582521381065299,2.966519869156019
golden,-0.18004018322963553,3.377034289464941,2.5822230044442276,2.2289207439614263
children,1.9857103479607592,1.2069169558387345,2.5818846767375487,4.889064673540105
platform,1.0618062373107695,2.1822267898771077,2.575739939629564,2.601452148571925
palac,3.274488769503738,-0.4782591515134799,2.570098369867715,1.853676885156882
stop,2.3005570894361487,1.1153897072775387,2.556124639925186,2.9364610712995387
obama,2.316857917746232,1.2249300733106383,2.542669309619572,1.9218280286148792
got,0.6652516776975609,2.948384916055925,2.529815464097392,5.513267118957235
pull,-0.2729639548100563,3.402488386429426,2.5242825120005405,2.181689601283058
judg,2.147730287770832,1.1431566720995114,2.5202452954350036,3.300207157103413
mean,3.813119573121888,-0.925749469252186,2.5198676444220207,3.40222858261258
khloé,3.142311560345311,0.44478670551442145,2.518948143617679,2.3992206132657836
lopez,1.1794616375965137,2.526671984587841,2.5144649932532896,3.2749530351322167
meanwhil,2.9000758937921516,-0.28132674395137536,2.510493244636387,2.3893768499991954
help,-1.7872008495170386,4.578671833646478,2.506790165726908,5.305923018440371
drop,-0.4198660598359792,3.910829444556095,2.506141359557093,2.624082302467776
figur,1.7936194559844012,1.7471164889454167,2.50457927648678,2.8749815676093142
free,1.5424371270037385,1.8757366797977553,2.4976410537998164,2.6856932896287655
fight,3.161338510051636,-0.4421415837747119,2.4896605438371497,2.8870105151039955
man,0.469645824369216,2.7300249155400733,2.48917132902078,3.9688753008023423
sing,-0.6193715870120484,4.162608725070243,2.486224628654946,2.533194014134369
affect,2.411544350461414,1.1242013806193418,2.4723248513172833,2.8111153692208903
regard,2.2883028270892147,0.9666577850408504,2.4581974286705015,2.775236082215507
woman,3.1239310553969464,0.06320185750863806,2.457342739499383,3.8895911088270423
knew,3.3046114543493905,-0.2810294791937626,2.4556298482616574,2.541662295371038
won,-0.6943660651559546,3.719925767053844,2.4532908444362036,2.411906161152961
wonder,2.403217888657571,0.9161862549803316,2.446064647889739,2.6571986582899716
oscar,0.9524604616301992,2.269086532258918,2.4394019875875905,2.7878591193861433
discuss,0.2031141803310866,2.8643996881003413,2.423157688155282,3.166829498521196
attack,2.0462760029070655,1.127795253685646,2.422109648432113,2.2959254581467037
busi,2.4399153059809704,0.5788614188878686,2.4124122333525757,3.558866026892011
reaction,1.2694347085682027,2.506022832966622,2.409933440469972,2.6620566086087267
ladi,4.184176230786551,-1.3231217950275085,2.4014872254524304,3.0488208001466957
lie,-0.118312750477263,3.3992730218070726,2.3955416548059945,3.0343807631502138
forc,1.9400140840147573,1.193985046213447,2.393209371110979,2.0693878549538525
accept,1.833406345880664,1.5612030432597206,2.392282902798698,2.233186048817097
dinner,2.1766190796083897,1.0931650555690189,2.3912587826120855,2.159878030515609
wish,3.03586151781153,-0.4261230757733187,2.38676321594101,2.478842016139692
wrong,2.6244261037835552,0.483190918705748,2.3842279384392486,2.092528774454568
track,3.475134999209833,-0.4521671212962515,2.3610106875093284,2.407290034660119
particular,0.8892805700337832,2.268817419829925,2.35750027674275,2.184690919947687
matt,-0.1793091983953021,2.9803079027578407,2.3508168222577237,1.7081979664336784
piec,0.8341039353720673,2.1990166414827867,2.3466333049368484,2.280464705579768
bond,2.5529205755144453,0.4941961411553403,2.3447999673848536,2.4565429482783445
given,-0.31447522856615273,3.003048832503712,2.3443046541880035,2.1598471202441556
great,1.3064026782513438,1.7872537613573902,2.3438977455040915,4.636544075217883
weekend,0.5123101153572089,2.8450244982299533,2.3324935925195085,3.108179728915538
enjoy,5.8149993239487925,-2.840304914019122,2.3255276248303676,4.359637928448705
surround,1.391746454055997,2.077392672574445,2.311153896177702,3.3167439050451133
heart,0.5692789128090485,2.4320423000825486,2.294056474960431,4.034595529373279
pregnanc,3.473076764842652,-1.0302876430611956,2.2834224038454773,3.784990682621224
unit,1.2330977510867402,1.9030310392117444,2.281552106856838,2.3692550373776387
word,0.07866810083057958,2.9386877073805415,2.271983445170793,3.198253964527812
profession,0.8259229052248129,2.1813009060682105,2.2700732070050034,2.2974449459838926
apolog,1.7621293268068483,1.2615420085675564,2.264681346577933,2.509638994596582
protect,2.5336330255623674,0.16695061207020595,2.260452337707598,2.3359848679497297
went,2.814403994126741,-0.8075686265066166,2.260228739412933,4.877927098034282
dad,1.9833859713558704,1.123630930641926,2.257361016152944,2.610389966137506
record,3.161141195972245,-0.2805806317649415,2.2410865324100886,3.1372769813668966
done,0.7195953274924745,2.260419168994249,2.236510341208076,2.641222575436582
rememb,2.5773733836257415,0.17207403749808983,2.236498576126842,3.001628917701314
consid,1.7617751190651412,1.0306837689255637,2.2195363871904696,2.9819426879552378
scandal,1.8489747626786357,1.1769321956579355,2.206946093854934,1.8110767482452383
found,1.1469413565207074,1.5095054671989174,2.192813386027547,3.8163270726867777
link,0.9943898705002177,2.328187131826412,2.1861220434215736,2.1583307085074264
turn,-0.1734864691554106,2.854666374492522,2.1845497774171183,4.782054110404213
four,-0.44474644986020034,3.250677726276408,2.1689408118252618,2.4101492842014927
boy,-0.6716902504708477,3.937234602505943,2.16008439862144,2.790488190805082
spent,1.4183083337610511,1.4751555943914902,2.159049510428366,2.008386291265637
difficult,1.2160528760338432,2.020210070559104,2.1551207571167605,1.9772235673552696
drink,-0.5474935283386385,3.4794124340360764,2.1461610074024664,1.7454175828214231
futur,2.4001476273566764,0.0251911591008598,2.138676850911892,3.8277835045085458
press,1.832706805168533,1.1201559475400116,2.136869359859872,2.6759535959326857
fire,2.830712221423172,-0.05183734155839673,2.1320344758892653,3.031654626381556
emerg,0.7718096075082517,1.6959873718637728,2.1188511627067252,1.8741249610734936
someon,-1.1568289936799194,3.596405480456183,2.117612594180218,3.262450077513811
decid,0.2755051019436822,2.3839458266027314,2.10719300534507,3.262332691726361
number,0.8646397593717909,1.9440286327767968,2.1066974259010016,2.59190536706896
hill,-1.4850600091623145,4.489870518363683,2.1058296465359088,3.3005928133985805
major,2.5775949134397194,0.12308252543619452,2.101732534068603,2.823694814185432
expect,0.8582823785491909,1.9104309404178583,2.096869108556419,4.153571254549686
pick,-0.8743445191374586,3.097659018842915,2.0883005154970804,2.4687138515474656
struggl,5.094699253392846,-3.113020687644018,2.08719428577252,3.109838750894087
broke,2.3985655170617965,0.22133157460854624,2.072838627889413,2.5014147157506073
updat,0.9144281304947152,2.0520033862944502,2.0701705090752607,3.022914133710046
impress,0.6332204124875697,2.2892720501310175,2.0666003665740726,1.930907598048574
eye,0.9706744543563276,1.5251548004451896,2.065108523347306,3.2574134644960786
often,3.1126448872429004,-0.60768278443577906,2.0625258049901345,2.601218023902129
power,-0.8675584160864076,3.5682154790095018,2.0617776587406462,3.462641876856488
develop,0.00922005759721177,3.383092626862256,2.053498651915008,2.0768976539192665
amaz,-0.7721588620659222,3.130609855983878,2.0527834350355048,2.6801275801404847
comfort,0.10972594307265014,2.547626196848616,2.0371310267287983,1.697496176060934
vega,1.4195868450739637,1.328216502763067,2.033702194887258,1.8537850148240695
phone,2.074827689115685,0.6986534983533554,2.0220545307256974,1.7740368329440817
simpli,4.082457546378232,-1.99885512401377,2.0164646474421875,2.2664442995441227
impact,1.3603033246916214,1.2080069028714429,2.014777378988491,2.4122079712726348
sometim,1.0508293918184335,1.8187758761603583,2.0100364049827415,1.8816445742255457
promot,0.25078014376492486,2.7294574549059205,2.009871200562148,2.7139028750746874
agre,3.772034518854176,-1.6567546415375278,2.0003869267083294,2.3456087266955574
parti,0.2126571250364453,2.5468094773206142,1.9911098737647157,4.391728899770888
travi,3.2054918125707776,-0.9393377024999128,1.9910665023661944,2.03035149658592
b,0.32891100091266806,2.61704875966367,1.9779965424897212,2.3639990064518246
biggest,1.5355431195062912,1.178795840174697,1.965783394050156,2.185484768451577
less,0.8506208474164977,1.842571578120636,1.9603190825227457,2.479434709603161
seek,0.6078669733078484,2.0123889517619116,1.9553770143975135,1.8603938004403375
huge,1.3400775089758383,1.1572873683555809,1.948601048315176,2.015579027962856
blue,0.5499742762671054,1.900486275955782,1.9291971719894143,1.976220497897208
order,0.25321531347433257,2.3992594317664984,1.9200248220496552,3.576750519594385
quit,3.0790010376668975,-0.7064651927989684,1.916383518635276,3.0721087630096195
anyth,2.6943459382398576,-0.7913384877730223,1.9050386026313848,2.974269838751698
toward,1.4356570939088555,1.1079439760031595,1.8939868947039344,3.12195508496349
bad,1.2544344112681196,1.3737493151866285,1.8881859854130132,2.251189510628881
around,2.4254101421633183,-0.5278888594865419,1.876410235157265,4.797680713457375
globe,-0.1876526853969543,2.8029134418770174,1.8759223703702852,2.0489541145973367
la,0.9475828091977484,1.5458908457479117,1.8684563112479304,2.506041844796156
breakup,4.280978061282603,-2.4480716485123626,1.8669242337618903,2.149541999090968
known,1.5874897594418782,0.7912504673192761,1.8639394351698484,4.802927760240804
truli,2.675825467491631,-0.5843685045506031,1.8624785775569257,1.902967549855876
sad,1.494735614490024,1.1443616883881462,1.8583402766445745,2.0787876374062053
partner,-0.05752105306068272,2.580528607720415,1.8581728966261897,2.3079471876883333
due,2.9350689857588717,-0.7688965147921809,1.8520707256075963,3.172260223347143
rais,0.9230042531152456,1.78052421603491,1.8440340949193856,2.889791400781026
ultim,2.304394110954991,0.37221172945334025,1.843217816986887,2.0717652623230216
ador,-0.8356780790184264,2.9318592047605554,1.8142991003957352,3.090036158468308
shade,1.8459807230569485,0.6082076137738611,1.8118338278204928,1.6609421138872174
dream,-0.22800722647647,2.6015963878789337,1.809312052567962,3.0492117134356476
battl,0.13236904269560312,2.440672333011669,1.8084086272211104,2.495378195638573
weight,2.8470365079003077,-0.4520005005192197,1.803349289275414,2.3016296418045674
guest,-1.6879814907847699,3.836391598308331,1.801196255697086,2.8685985393165865
rapper,2.262799395620288,0.06782676578856872,1.7713951958716752,2.782395422738699
sever,4.037859863458325,-2.436842660615077,1.7698226282248883,3.3962390434283067
thompson,1.9759163359488496,0.5360290594860861,1.7625244514741965,2.345281673186276
jackson,-0.07708172073405489,2.203545714122015,1.7603310422907337,2.037994282216141
win,0.8407060641242984,1.498421223255648,1.7517020148828035,2.697499023250156
stun,3.8639075735509953,-2.4286852927146714,1.7508417599422692,3.0767344196290356
fox,-0.3800373684721019,2.6466594233772462,1.7502710360452098,1.5493658059824642
nick,0.08105496281481958,2.316057480328657,1.7292587690741716,1.4623856325981557
fear,2.7834708025394055,-1.1245730625163937,1.72830252653379,1.7126085773554582
spark,4.39275589664567,-3.0682228405108867,1.721257843186095,3.658063114127849
almost,0.36688388471203326,1.5952747414195871,1.7112293369975058,2.4298448267196844
beyond,-0.5412219935750259,2.7961428509703175,1.702432689489883,1.7602449224295078
trust,0.9024675758130538,1.446611995126726,1.6912804409867066,1.7747684015282132
without,0.2973968561394422,1.7838670449315683,1.689364428971312,3.7031826955373
band,0.7526343590109721,1.411787637074781,1.6790049195745886,1.5824720371308552
detail,-0.6092315664143286,2.75205325821502,1.6592275253934086,3.19702103037942
effort,2.36000485262993,-0.3513918998204061,1.6465732452318906,1.9043252684948715
met,0.19782813861833545,2.4235283936411856,1.645794122565123,4.16680269655402
achiev,-1.179813074104957,3.040637038536796,1.6393378732660349,2.0247223634806724
enough,-0.19354548462039495,2.5450143330711428,1.6354998020191296,2.780453612714609
whether,2.82375150010225,-1.257249106256505,1.631831251903532,3.4536425076103394
chris,0.3466841768736478,1.920458129085522,1.6019910949784737,3.686602340184675
danc,0.34095179618865046,1.9372102770234327,1.5825255232901931,3.3982388869225955
fellow,0.8038747254874344,1.4014807814143897,1.5554530971777645,2.587756799573389
forward,2.3963925752081168,-0.6286717801509976,1.534013336961607,2.781168043852673
tradit,-0.05836630119876535,2.1489243363693453,1.531956069232152,1.8044058494009645
attempt,0.9576506624714038,1.0242813334399845,1.5274379432318377,2.4538173658616533
emmi,-2.75845856535149,3.721088126238654,1.5256000015827944,1.7171188061631293
jay.z,1.7834689798058825,-0.12481845874912208,1.5163263154370146,1.568399188842401
human,0.03727960266721469,2.012790309852095,1.5102718014678305,1.926556012903772
nice,0.671534806251711,1.33911129597375,1.5090034764990077,1.779967131840713
maintain,1.8005135652646225,0.00960441750544234,1.5009311589777443,2.3834316446938173
smith,-0.8523720526527823,2.9094898228819988,1.4736797298932616,1.8620077142092637
beyoncé,1.1480429529188136,0.962286810996359,1.465197109418985,1.8250873341054157
certain,1.763279215659294,-0.10195464247346787,1.4643711162591284,2.463307989699961
popular,1.494459690313953,0.5887848522107062,1.4632651321600352,2.9729530155209276
becom,1.5992269319501902,0.575912895774892,1.4531692773803444,4.170856293622934
near,1.0405272630535765,1.0481477991947383,1.4483503771867323,2.637935615065709
side,0.01075624760038594,1.7847169142817072,1.4386403128544305,3.0506729454897457
better,0.46206317189632967,1.4797274314102984,1.417187486863402,3.10846870393987
tom,2.8884762435674025,-1.4085921541654325,1.4091816101040202,3.578780555021985
screen,-0.5276986191378508,2.4231829010099237,1.406172471524263,2.616486459653472
add,-1.183919959715166,2.969584644133486,1.392615858569145,2.5049751612953703
healthi,2.2848483118303102,-0.7528351574992953,1.3688209341918172,2.370271850802765
let,4.021501088177155,-3.118049872803751,1.3441504013346397,3.6231155222351608
control,3.276013198897764,-1.9646764163048789,1.34398233351362,1.9577346902615944
interest,0.9511913794132258,0.7268757327684513,1.317909840385468,3.301881759848205
complet,-2.4009046608822864,3.789450378613022,1.314735262913458,3.8054429864034423
attent,2.6719330803533543,-1.6285955277025412,1.3125756325782454,2.639944579023972
pay,1.0206385103518587,0.7493613169689608,1.3063738460168284,2.681203582323032
break.,2.724321297436163,-1.2676492338170855,1.305065339744142,3.5417188268033257
strong,2.070217780566414,-0.5598737169990236,1.3041025233332326,2.9193127743817255
taken,2.62897889621915,-1.5459903946384577,1.2907859641866932,3.6207433420201465
belov,0.7714874587776861,0.9102716041637452,1.290535545701119,1.9434087595479608
multipl,1.8699569922072037,-0.1416529905871472,1.2790249113463994,2.1493017834715924
possibl,1.0221290741434998,0.5354341104184854,1.2775222889395634,2.8379279235481074
prove,1.33681293686379,0.3321588759743825,1.251992772633673,2.6585371893204264
especi,-0.66900904305379,2.379039749901224,1.2472832088096368,2.044738803980952
heard,1.5360855048832154,-0.12570902176368662,1.223752754164272,2.143104254412068
money,0.44468427809651345,1.203299258066266,1.2092088961724696,2.043603415404408
immedi,-0.7982777212965917,2.6522237874262125,1.1984842904896649,2.4304808366982074
american,-0.0375956955005098,1.6410118995364191,1.1494606131387684,4.068206286897365
gain,-0.16573213803167386,2.1196628492725136,1.1446505213739135,1.9177413204258849
disick,3.5761570135540435,-2.4328150020466186,1.0951288555140857,1.8748291596180164
upcom,0.9017349123608374,0.3796851259768134,1.0896024060606275,3.579340345542795
grow,1.2365107560742998,0.17040858826687957,1.0344018078826405,2.4185987724573335
net,-0.3363820690151734,2.1160911119753414,1.0318879470048885,1.9204467987089084
either,1.4510608228976705,-0.4699537797015164,1.0225469217727534,2.0875439080492337
twin,2.27277905222902,-1.011978046755786,1.008039786620606,2.6267747266281156
drake,2.153029247303682,-0.6950060962118253,0.9943812551080262,1.410418944471764
adam,1.086550266561236,0.04781068896965444,0.9677249123301808,1.7412655377569208
shoot,-0.06218599424302699,1.52394576912337,0.9581873133738948,2.1811579477405845
lead,-0.715654687494167,1.9586174201794584,0.933672138067777,3.565110049989562
believ,4.099462546064745,-3.598895479753757,0.9117779344188388,4.732524483245087
level,1.4425824724308156,-0.4506249671215732,0.8972126041432222,2.202957481764764
past,2.5018711186667546,-1.9630151780618657,0.8839811634686411,3.43063443520433
jack,-0.9449997933310312,2.3111268304042865,0.8478651774092344,1.8322473367679148
carri,-1.0892965061718574,2.555029047522334,0.8446266024338488,1.9137927271618769
action,1.1365514834436332,-0.1462971507925885,0.8390040841608595,3.785441923622632
among,0.9302375062950454,0.17325849455031603,0.8189335574933385,2.932159554095712
speech,-1.5593740404185137,2.6265824409543534,0.8177441346884788,2.0451315304290163
sofia,2.919858749735309,-1.837475400750275,0.8027267360977641,1.385571372631011
left,-0.01628406101520401,1.054886605385028,0.7753973644044336,3.820016064663109
mental,-0.6259541970910342,1.9820206935334677,0.7697316200803505,1.4607622078485945
book,-1.5358464353505812,2.525198649465061,0.7622947932078711,2.6291157989557035
camera,-0.9391183994419442,1.883478988810231,0.7530363117601306,2.162261145780911
ellen,2.379274215628666,-1.5660481691559252,0.7329953098206152,2.5432159726702643
posit,2.521416067800803,-1.662808702033212,0.7328367153868633,2.860605874693793
elizabeth,-0.7906308092834579,1.5443682637413771,0.698674302638798,1.581410687461821
meet,-1.538760941421461,2.393816679635303,0.6941469723186345,3.2790131238248517
cut,0.7621783101504883,0.1209667359484215,0.672265676905326,2.3528249227352966
understand,0.9196296442256708,-0.05903166429251558,0.6692632129711727,2.635033472827291
cancel,-0.6554277767526616,2.025698844779915,0.6645762766250132,1.5775591267415523
girlfriend,1.3148484451314475,-0.4678570699926926,0.6365136657316584,3.0203272024713614
north,0.6708254200064813,0.13066600732434144,0.6281803243752582,1.776098353278225
gift,-1.1302035905846066,2.1179431292469357,0.612852058995849,2.7761530010337925
pari,1.3892155704765068,-0.6020828593237603,0.6087833741151529,2.2137499682190764
friendship,2.0669219826549976,-1.568194737062712,0.5458316332914874,2.114732511327832
duo,1.7933136062267576,-1.2962293626159,0.5455886175597016,1.9061717727311225
suggest,3.5599825325719663,-3.695830620501166,0.5299906369510635,2.908235942450316
hold,-1.1896407953910952,1.9010631995667475,0.5250790065824067,3.675556568929412
goe,2.349005999245309,-2.7459995716962164,0.4993734004266757,2.4933005977809413
project,0.3959586054713193,0.2211922588148803,0.4947928967053854,2.4218477815715347
commit,1.9299090083837815,-1.750479046013139,0.4942443951281366,2.5116806606856614
health,2.8527237421045215,-3.009677921200073,0.4589141002369085,3.193338335757849
alon,1.519900280581508,-1.2020487741078218,0.4280238594243784,1.6163160115867274
lose,0.17973495741174852,0.4051798946554358,0.4269058301585687,1.8108603846278304
holiday,-1.2326715431387911,1.8862966939749664,0.3196866624730445,2.264355891353266
caus,2.0879731174583163,-2.063477588347736,0.31780262980631224,3.6517777800408
led,0.1903389271662612,0.19829225531933883,0.2671644319680905,1.7324816131377088
imagin,-0.6877184109020109,1.1072059674753596,0.2055316498198242,1.5954139789685389
war,-0.03338437249770529,0.30921270038274606,0.19777097923099293,1.9394511821011495
longer,1.6081162082885851,-1.536874814317302,0.09081404467004885,1.9283971001009177
nbc,-2.0617800769553254,2.9552428241854876,0.00822499457280301,1.9908141388340057
behind,0.3396834722651641,-0.31925778327082244,0.00690319115993162,3.387317939333049
player,-0.21392375532185373,0.21303615498441836,-0.00633192722198386,1.880540411602255
fall,-1.2752192748479751,1.3512654617201842,-0.00706776303842364,2.7433567747644743
propos,1.3200165108540065,-1.7976902856106798,-0.3759766887280144,1.9572977583163336
step,-1.4782242161070895,0.7081739792806379,-0.5412359222560383,3.407853105078662
thrill,0.963376246206258,-2.8829467412925243,-0.7092563560121318,1.7649472334608012
reunion,-0.2717360629268494,-0.8012415527166357,-0.8387825178511016,1.8498565647754956
